{
	"format_version": "1.8.0",
	"animations": {
		"grab_holding_charge_idle": {
			"loop": true,
			"animation_length": 0.5833,
			"bones": {
				"torso": {
					"rotation": {
						"0.0": [-20, 0, 0],
						"0.125": [-17.5, 0, 0],
						"0.25": [-12.5, 0, 0],
						"0.375": [-15, 0, 0],
						"0.5": [-12.5, 0, 0],
						"0.5417": [-20, 0, 0]
					},
					"position": {
						"0.0": [0, 0, 4],
						"0.5417": [0, 0, 4]
					}
				},
				"head": {
					"rotation": {
						"0.0": [0, 0, 0],
						"0.5417": [0, 0, 0]
					},
					"position": {
						"0.0": [0, 0, 4],
						"0.5417": [0, 0, 4]
					}
				},
				"right_arm": {
					"rotation": {
						"0.0": {
							"post": [-230.17513, -10.42943, -17.30886],
							"lerp_mode": "catmullrom"
						},
						"0.125": [-224.62873, -7.4593, -20.87338],
						"0.2917": [-224.24346, 3.28127, -31.36674],
						"0.4167": [-228.07724, -12.75703, -15.47865],
						"0.5417": {
							"pre": [-230.17513, -10.42943, -17.30886],
							"post": [-230.17513, -10.42943, -17.30886],
							"lerp_mode": "catmullrom"
						}
					},
					"position": {
						"0.0": [0, 0, 3],
						"0.5417": [0, 0, 3]
					}
				},
				"left_arm": {
					"rotation": {
						"0.0": {
							"post": [-45.35038, -0.00176, 0.09383],
							"lerp_mode": "catmullrom"
						},
						"0.125": {
							"post": [-32.94992, 4.19712, -2.62326],
							"lerp_mode": "catmullrom"
						},
						"0.25": {
							"post": [-35.35038, -0.00176, 0.09383],
							"lerp_mode": "catmullrom"
						},
						"0.375": {
							"post": [-32.94992, 4.19712, -2.62326],
							"lerp_mode": "catmullrom"
						},
						"0.5417": {
							"post": [-45.35038, -0.00176, 0.09383],
							"lerp_mode": "catmullrom"
						}
					},
					"position": {
						"0.0": [0, 0, 2],
						"0.5417": [0, 0, 2]
					}
				}
			}
		}
	}
}