{
	"format_version": "1.8.0",
	"animations": {
		"grab_throw": {
			"animation_length": 0.625,
			"bones": {
				"torso": {
					"rotation": {
						"0.0": [-20, 0, 0],
						"0.2083": [15, 0, 0],
						"0.5833": [0, 0, 0]
					},
					"position": {
						"0.0": [0, 0, 4],
						"0.2083": [0, 0, -3],
						"0.5833": [0, 0, 0]
					}
				},
				"head": {
					"rotation": [0, 0, 0],
					"position": {
						"0.0": [0, 0, 4],
						"0.2083": [0, 0, -3],
						"0.5833": [0, 0, 0]
					}
				},
				"right_arm": {
					"rotation": {
						"0.0": {
							"post": [-230.17513, -10.42943, -17.30886],
							"lerp_mode": "catmullrom"
						},
						"0.2083": {
							"post": [-115.17513, -10.42943, -17.30886],
							"lerp_mode": "catmullrom"
						},
						"0.3333": {
							"post": [-32.94992, 4.19712, -2.62326],
							"lerp_mode": "catmullrom"
						},
						"0.4583": {
							"post": [-32.94992, 4.19712, -2.62326],
							"lerp_mode": "catmullrom"
						},
						"0.5833": {
							"post": [0, 0, 0],
							"lerp_mode": "catmullrom"
						}
					},
					"position": {
						"0.0": [0, 0, 3],
						"0.2083": [0, 0, 0],
						"0.5833": [0, 0, 0]
					}
				},
				"left_arm": {
					"rotation": {
						"0.0": {
							"post": [-45.35038, -0.00176, 0.09383],
							"lerp_mode": "catmullrom"
						},
						"0.2083": {
							"post": [47.14962, -0.00176, 0.09383],
							"lerp_mode": "catmullrom"
						},
						"0.5833": {
							"post": [0, 0, 0],
							"lerp_mode": "catmullrom"
						}
					},
					"position": {
						"0.0": [0, 0, 2],
						"0.2083": [0, 0, -2],
						"0.5833": [0, 0, 0]
					}
				}
			}
		}
	}
}