{
	"format_version": "1.8.0",
	"animations": {
		"highfive_dap": {
			"animation_length": 1.8333,
			"bones": {
				"torso": {
					"rotation": {
						"0.0": [0, 0, 0],
						"0.0833": [0, 15.83, 0],
						"0.1667": {
							"pre": [0, -20, 0],
							"post": [0, -20, 0],
							"lerp_mode": "catmullrom"
						},
						"0.25": [0, -47.5, 0],
						"0.3333": [0, -60, 0],
						"0.375": {
							"pre": [0, -70, 0],
							"post": [0, -70, 0],
							"lerp_mode": "catmullrom"
						},
						"0.4167": [0, -60, 0],
						"1.375": [0, -60, 0],
						"1.7917": [0, 0, 0]
					}
				},
				"right_arm": {
					"rotation": {
						"0.0": {
							"post": [-120.82508, 38.92334, -8.61337],
							"lerp_mode": "catmullrom"
						},
						"0.0833": {
							"post": [-159.68886, 64.84385, -55.82172],
							"lerp_mode": "catmullrom"
						},
						"0.1667": {
							"post": [-148.14723, 41.54318, -45.85605],
							"lerp_mode": "catmullrom"
						},
						"0.25": [-104.81299, -28.28678, -63.62248],
						"0.3333": [-73.28863, -25.41816, -94.53568],
						"0.375": {
							"pre": [-66.247, -23.1339, -93.42105],
							"post": [-66.247, -23.1339, -93.42105],
							"lerp_mode": "catmullrom"
						},
						"0.4167": [-75.78863, -25.41816, -94.53568],
						"1.3333": [-75.78863, -25.41816, -94.53568],
						"1.5": {
							"pre": [-70.52572, 5.99832, -25.96959],
							"post": [-70.52572, 5.99832, -25.96959],
							"lerp_mode": "catmullrom"
						},
						"1.5833": {
							"post": [-49.8993, 17.39524, 2.62412],
							"lerp_mode": "catmullrom"
						},
						"1.7917": {
							"post": [0, 0, 0],
							"lerp_mode": "catmullrom"
						}
					},
					"position": {
						"0.0": {
							"post": [-1, 0.8, -1],
							"lerp_mode": "catmullrom"
						},
						"0.0833": {
							"post": [-0.7, -0.44, 0.96],
							"lerp_mode": "catmullrom"
						},
						"0.1667": [-0.2, 0.16, -3.42],
						"0.25": [0.9, 1, -5],
						"0.3333": [2.9, 1, -6],
						"0.4167": [2.9, 1, -6],
						"1.3333": [2.9, 1, -6],
						"1.5": [0.85, -0.36, -3.82],
						"1.5833": [-0.39, -0.26, -3.73],
						"1.7917": [0, 0, 0]
					}
				},
				"left_arm": {
					"rotation": {
						"0.0": {
							"post": [11.46818, -21.61397, -26.1812],
							"lerp_mode": "catmullrom"
						},
						"0.0833": {
							"post": [-25.23038, -25.02795, -33.79799],
							"lerp_mode": "catmullrom"
						},
						"0.1667": {
							"post": [0.93819, -16.14396, -40.17232],
							"lerp_mode": "catmullrom"
						},
						"0.25": {
							"post": [31.19627, -24.17228, -35.14885],
							"lerp_mode": "catmullrom"
						},
						"1.375": {
							"post": [31.19627, -24.17228, -35.14885],
							"lerp_mode": "catmullrom"
						},
						"1.7917": {
							"post": [0, 0, 0],
							"lerp_mode": "catmullrom"
						}
					},
					"position": {
						"0.0": [0, 0, 1],
						"0.1667": {
							"pre": [0, -0.93, 0.86],
							"post": [0, -0.93, 0.86],
							"lerp_mode": "catmullrom"
						},
						"0.25": {
							"post": [0, -0.94, 2.22],
							"lerp_mode": "catmullrom"
						},
						"0.3333": {
							"post": [-3, -0.94, 5.27],
							"lerp_mode": "catmullrom"
						},
						"0.375": {
							"post": [-3, -0.94, 5.27],
							"lerp_mode": "catmullrom"
						},
						"1.375": {
							"post": [-3, -0.94, 5.27],
							"lerp_mode": "catmullrom"
						},
						"1.7917": {
							"post": [0, 0, 0],
							"lerp_mode": "catmullrom"
						}
					}
				},
				"right_leg": {
					"rotation": {
						"0.0": [0, 0, 0],
						"0.3333": [0.0277, -37.07182, 2.44619],
						"1.375": [0.0277, -37.07182, 2.44619],
						"1.75": [0, 0, 0]
					},
					"position": {
						"0.0": [0, 0, 0],
						"0.3333": [1, 0, -2],
						"1.375": [1, 0, -2],
						"1.75": [0, 0, 0]
					}
				},
				"left_leg": {
					"rotation": {
						"0.0": [0, 0, 0],
						"0.3333": [0, -67.5, 0],
						"1.375": [0, -67.5, 0],
						"1.75": [0, 0, 0]
					},
					"position": {
						"0.0": [0, 0, 0],
						"0.3333": [-1, 0, 2],
						"1.375": [-1, 0, 2],
						"1.75": [0, 0, 0]
					}
				}
			}
		}
	}
}