{
	"format_version": "1.8.0",
	"animations": {
		"highfive_hitcombo": {
			"animation_length": 2.25,
			"bones": {
				"torso": {
					"rotation": {
						"0.0": [0, -20, 0],
						"1.25": [0, 0, 0]
					}
				},
				"head": {
					"rotation": {
						"0.0417": {
							"pre": [0, 0, 0],
							"post": [0, 0, 0],
							"lerp_mode": "catmullrom"
						},
						"0.375": {
							"post": [14.94357, 5.08439, 0.01111],
							"lerp_mode": "catmullrom"
						},
						"0.625": {
							"post": [14.94357, 5.08439, 0.01111],
							"lerp_mode": "catmullrom"
						},
						"0.875": {
							"post": [-22.18101, -22.08661, 3.68193],
							"lerp_mode": "catmullrom"
						},
						"1.4583": {
							"post": [-22.18, -22.09, 3.68],
							"lerp_mode": "catmullrom"
						},
						"1.7917": {
							"post": [-2.02644, -4.60159, 3.02249],
							"lerp_mode": "catmullrom"
						}
					},
					"position": [0, 0, 0]
				},
				"right_arm": {
					"rotation": {
						"0.0": [-73.45553, -27.4424, -15.25838],
						"0.625": {
							"pre": [-51.29, -0.43, -46.48],
							"post": [-51.29, -0.43, -46.48],
							"lerp_mode": "catmullrom"
						},
						"0.875": {
							"post": [-127.35751, -4.22938, -71.07019],
							"lerp_mode": "catmullrom"
						},
						"1.2083": {
							"post": [-132.35751, -4.22938, -71.07019],
							"lerp_mode": "catmullrom"
						},
						"1.2917": {
							"post": [-71.43417, -2.41106, -69.60731],
							"lerp_mode": "catmullrom"
						},
						"1.3333": [-61.43417, -2.41106, -69.60731],
						"1.375": {
							"pre": [-66.27958, -1.23098, -74.4686],
							"post": [-66.27958, -1.23098, -74.4686],
							"lerp_mode": "catmullrom"
						},
						"1.8333": {
							"post": [-66.27958, -1.23098, -74.4686],
							"lerp_mode": "catmullrom"
						},
						"1.9583": {
							"post": [-45.82586, -4.08473, 0.3531],
							"lerp_mode": "catmullrom"
						},
						"2.0833": {
							"post": [-31.30125, 22.21464, -1.42648],
							"lerp_mode": "catmullrom"
						},
						"2.1667": {
							"post": [-17.44779, 47.39105, 0.97269],
							"lerp_mode": "catmullrom"
						},
						"2.25": {
							"post": [0, 0, 0],
							"lerp_mode": "catmullrom"
						}
					},
					"position": {
						"0.0": [1.5, -0.91, -4.82],
						"0.625": [0, 0, -3.24],
						"0.875": [-1, 1, -2.24],
						"1.2083": [-1, 1, -1.24],
						"1.2917": [-1, 0, -3],
						"1.3333": [0, 0, -4],
						"1.375": [0, 0, -4],
						"1.8333": [-1, 0, -3],
						"1.9583": [0.3, 0, -2.1],
						"2.25": [0, 0, 0]
					}
				},
				"left_arm": {
					"rotation": {
						"0.0": {
							"post": [13, 2.95, -9.25],
							"lerp_mode": "catmullrom"
						},
						"0.5417": {
							"post": [13, 2.95, -9.25],
							"lerp_mode": "catmullrom"
						},
						"0.75": [-77.93, -83.24, -33.23],
						"0.875": [-144.88878, 37.00696, -3.95881],
						"1.4583": [-150.02048, 31.18287, -8.86031],
						"1.625": [-123.02252, 16.86712, -17.14762],
						"1.875": {
							"pre": [-12.72845, -14.05019, -3.83743],
							"post": [-12.72845, -14.05019, -3.83743],
							"lerp_mode": "catmullrom"
						},
						"1.9583": {
							"post": [0, 0, 0],
							"lerp_mode": "catmullrom"
						}
					},
					"position": {
						"0.0": {
							"post": [0, 0, 1.55],
							"lerp_mode": "catmullrom"
						},
						"0.5417": {
							"post": [0, 0, 1.55],
							"lerp_mode": "catmullrom"
						},
						"1.4583": {
							"post": [0, 0, 1.55],
							"lerp_mode": "catmullrom"
						},
						"1.625": [0, -1, -1.91],
						"1.9583": {
							"pre": [0, 0, 0],
							"post": [0, 0, 0],
							"lerp_mode": "catmullrom"
						}
					}
				}
			}
		}
	}
}