{
	"format_version": "1.8.0",
	"animations": {
		"perfect_dap_hit": {
			"animation_length": 1.625,
			"bones": {
				"torso": {
					"rotation": {
						"0.0": [0, -12.5, 0],
						"0.125": [0, -2.5, 0],
						"0.375": [0, -37.5, 0],
						"0.4583": {
							"pre": [0, -38.55, 0],
							"post": [0, -38.55, 0],
							"lerp_mode": "catmullrom"
						},
						"0.5": {
							"post": [0, -35, 0],
							"lerp_mode": "catmullrom"
						},
						"0.5417": [0, -22.5, 0],
						"1.25": {
							"pre": [0, -22.5, 0],
							"post": [0, -22.5, 0],
							"lerp_mode": "catmullrom"
						},
						"1.5417": [0, 0, 0]
					},
					"scale": 1
				},
				"head": {
					"rotation": {
						"0.0": [0, 0, 0],
						"0.625": [0, 0, 0],
						"0.7083": {
							"pre": [10, 0, 0],
							"post": [10, 0, 0],
							"lerp_mode": "catmullrom"
						},
						"0.875": {
							"post": [0, 0, 0],
							"lerp_mode": "catmullrom"
						}
					}
				},
				"right_arm": {
					"rotation": {
						"0.0": {
							"post": [-111.46722, 40.10823, -65.46647],
							"lerp_mode": "catmullrom"
						},
						"0.0833": {
							"post": [-155.37664, 17.69635, -103.28317],
							"lerp_mode": "catmullrom"
						},
						"0.2083": {
							"post": [-140.81653, -10.53559, -61.80882],
							"lerp_mode": "catmullrom"
						},
						"0.2917": {
							"post": [-109.83957, -6.53116, -85.1343],
							"lerp_mode": "catmullrom"
						},
						"0.3333": [-63.49842, -5.12517, -75.57389],
						"0.375": {
							"pre": [-61.5345, -6.49312, -77.74055],
							"post": [-61.5345, -6.49312, -77.74055],
							"lerp_mode": "catmullrom"
						},
						"0.4167": [-68.20548, -6.36485, -73.48981],
						"0.4583": [-68.85032, -6.36485, -66.10715],
						"0.9167": {
							"pre": [-68.85032, -6.36485, -66.10715],
							"post": [-68.85032, -6.36485, -66.10715],
							"lerp_mode": "catmullrom"
						},
						"1.0833": {
							"post": [-74.69416, -25.38387, -72.46291],
							"lerp_mode": "catmullrom"
						},
						"1.2083": [-74.31316, -12.53469, -77.53834],
						"1.25": [-74.85673, -3.32021, -73.61133],
						"1.375": [-48.64369, 28.77066, -15.56439],
						"1.4583": [-31.6693, 23.35012, 29.15043],
						"1.625": [0, 0, 0]
					},
					"position": {
						"0.0": {
							"post": [-1, 0, -2],
							"lerp_mode": "catmullrom"
						},
						"0.0833": {
							"post": [-1.85, -0.15, -0.15],
							"lerp_mode": "catmullrom"
						},
						"0.25": [-0.54, 0.95, -2.46],
						"0.3333": [1, 0, -6],
						"0.4583": [0.6, 0, -5.4],
						"0.9167": [0.6, 0, -5.4],
						"1.4583": [-0.04, 0, -0.68],
						"1.625": [0, 0, 0]
					}
				},
				"left_arm": {
					"rotation": {
						"0.0": [17.43656, 0.9762, -17.43656],
						"0.125": [13.39488, -12.37984, -20.68383],
						"0.3333": [35.03195, -3.97829, -36.24005],
						"0.4167": {
							"pre": [54.93656, 0.9762, -17.43656],
							"post": [54.93656, 0.9762, -17.43656],
							"lerp_mode": "catmullrom"
						},
						"0.5": {
							"post": [54.88285, -3.11589, -14.56233],
							"lerp_mode": "catmullrom"
						},
						"1.3333": [42.18165, 0.38081, -14.67023],
						"1.625": [0, 0, 0]
					},
					"position": {
						"0.0": [0, 0, 1],
						"0.3333": {
							"pre": [0, 0, 2.88],
							"post": [0, 0, 2.88],
							"lerp_mode": "catmullrom"
						},
						"0.4167": {
							"post": [0, 0, 4],
							"lerp_mode": "catmullrom"
						},
						"0.5": {
							"post": [0, 0, 4],
							"lerp_mode": "catmullrom"
						},
						"1.3333": [0, 0, 3],
						"1.625": [0, 0, 0]
					}
				},
				"left_leg": {
					"rotation": [0, -5, 0]
				}
			}
		}
	}
}