{
	"format_version": "1.8.0",
	"animations": {
		"perfect_dap_extandp2": {
			"animation_length": 2.8333,
			"bones": {
				"torso": {
					"rotation": {
						"0.0": {
							"post": [0, -23.78, 0],
							"lerp_mode": "catmullrom"
						},
						"0.2083": [0, -16.28, 0],
						"0.3333": {
							"pre": [0, -15.92, 0],
							"post": [0, -15.92, 0],
							"lerp_mode": "catmullrom"
						},
						"0.4167": [0, -6.28, 0],
						"0.5": {
							"pre": [0, -15.92, 0],
							"post": [0, -15.92, 0],
							"lerp_mode": "catmullrom"
						},
						"0.5417": {
							"post": [0, -23.42, 0],
							"lerp_mode": "catmullrom"
						},
						"0.7083": [0, -18.42, 0],
						"0.7917": {
							"pre": [0, -18.42, 0],
							"post": [0, -18.42, 0],
							"lerp_mode": "catmullrom"
						},
						"1.0417": {
							"post": [0, 11.74, 0],
							"lerp_mode": "catmullrom"
						},
						"1.125": {
							"post": [0, -13.85, 0],
							"lerp_mode": "catmullrom"
						},
						"1.2917": {
							"post": [0, -31.35, 0],
							"lerp_mode": "catmullrom"
						},
						"1.9167": {
							"post": [0, -17.47, 0],
							"lerp_mode": "catmullrom"
						},
						"2.625": {
							"post": [0, 0, 0],
							"lerp_mode": "catmullrom"
						}
					},
					"position": {
						"0.0": [0, 0, 0],
						"1.9167": [0, 0, 0]
					}
				},
				"head": {
					"rotation": {
						"0.0": [0, 0, 0],
						"0.625": [0, 0, 0],
						"0.7083": {
							"pre": [10, 0, 0],
							"post": [10, 0, 0],
							"lerp_mode": "catmullrom"
						},
						"0.875": {
							"post": [0, 0, 0],
							"lerp_mode": "catmullrom"
						},
						"1.9167": [0, 0, 0]
					}
				},
				"right_arm": {
					"rotation": {
						"0.0": {
							"post": [-74.69416, -25.38387, -72.46291],
							"lerp_mode": "catmullrom"
						},
						"0.0833": {
							"post": [-71.45092, -23.19643, -80.33541],
							"lerp_mode": "catmullrom"
						},
						"0.2917": {
							"post": [-65.03156, -42.27713, -104.21312],
							"lerp_mode": "catmullrom"
						},
						"0.4167": [-73.13, 5.48, -85.93],
						"0.5417": [-76.92992, 32.7134, -84.25671],
						"0.625": {
							"pre": [-77.84115, 25.39371, -86.12915],
							"post": [-77.84115, 25.39371, -86.12915],
							"lerp_mode": "catmullrom"
						},
						"0.7083": [-78.83475, 10.69939, -89.30942],
						"0.75": {
							"pre": [-78.73203, 13.15166, -88.81243],
							"post": [-78.73203, 13.15166, -88.81243],
							"lerp_mode": "catmullrom"
						},
						"0.7917": [-78.91525, 8.24636, -89.79842],
						"1.0": [-77.87208, 6.14742, -80.77283],
						"1.1667": [-64.60657, 2.91021, -88.96331],
						"1.2083": [-64.60657, 2.91021, -88.96331],
						"1.25": {
							"pre": [-64.60657, 2.91021, -88.96331],
							"post": [-64.60657, 2.91021, -88.96331],
							"lerp_mode": "catmullrom"
						},
						"1.5833": {
							"post": [-64.60657, 2.91021, -88.96331],
							"lerp_mode": "catmullrom"
						},
						"1.7917": {
							"post": [-70.89075, 7.41115, -96.37079],
							"lerp_mode": "catmullrom"
						},
						"1.9167": [-78.92, 8.25, -89.8],
						"2.25": {
							"pre": [-78.92, 8.25, -89.8],
							"post": [-78.92, 8.25, -89.8],
							"lerp_mode": "catmullrom"
						},
						"2.4167": {
							"post": [-13.01496, 9.71001, -0.67623],
							"lerp_mode": "catmullrom"
						},
						"2.625": {
							"post": [0, 0, 0],
							"lerp_mode": "catmullrom"
						}
					},
					"position": {
						"0.0": [0.4, 0, -3.95],
						"0.1667": [-0.6, 0, -2.95],
						"0.25": [-0.6, 0, -3.95],
						"0.4167": {
							"pre": [-0.6, 0, -1.95],
							"post": [-0.6, 0, -1.95],
							"lerp_mode": "catmullrom"
						},
						"0.5417": [-0.6, 0, -3.95],
						"0.7083": [-0.6, 0, -3.95],
						"1.0": {
							"pre": [-1.51, 0, -0.95],
							"post": [-1.51, 0, -0.95],
							"lerp_mode": "catmullrom"
						},
						"1.1667": {
							"post": [-0.43, 0, -3.95],
							"lerp_mode": "catmullrom"
						},
						"1.2083": {
							"post": [0.61, 0, -5.07],
							"lerp_mode": "catmullrom"
						},
						"1.5833": {
							"post": [-0.43, 0, -4.95],
							"lerp_mode": "catmullrom"
						},
						"1.9167": [-0.43, 0, -3.95],
						"2.25": {
							"pre": [-0.43, 0, -3.95],
							"post": [-0.43, 0, -3.95],
							"lerp_mode": "catmullrom"
						},
						"2.625": {
							"post": [0, 0, 0],
							"lerp_mode": "catmullrom"
						}
					}
				},
				"left_arm": {
					"rotation": {
						"0.0": [48.56, -0.62, -15.63],
						"0.4583": [32.5, 0, -20],
						"1.0417": [25.91263, 4.76427, -12.88356],
						"1.3333": [36.13888, -18.49584, -33.04319],
						"1.875": [32.5, 0, -20],
						"1.9167": [32.5, 0, -20],
						"2.25": [32.5, 0, -20],
						"2.625": [0, 0, 0]
					},
					"position": {
						"0.0": [0, 0, 3.48],
						"0.4583": [0, 0, 0],
						"1.0417": [0, 0, -0.26],
						"1.3333": [0, -0.78, 1.76],
						"1.875": {
							"pre": [0, 0, -0.13],
							"post": [0, 0, -0.13],
							"lerp_mode": "catmullrom"
						},
						"1.9167": {
							"post": [0, 0, -0.13],
							"lerp_mode": "catmullrom"
						},
						"2.25": {
							"post": [0, 0, -0.13],
							"lerp_mode": "catmullrom"
						},
						"2.625": {
							"post": [0, 0, -0.13],
							"lerp_mode": "catmullrom"
						}
					}
				},
				"right_leg": {
					"rotation": [0, 0, 0]
				},
				"left_leg": {
					"rotation": [0, -5, 0]
				}
			}
		}
	}
}