{
	"format_version": "1.8.0",
	"animations": {
		"perfect_dap_extandp1": {
			"animation_length": 2.75,
			"bones": {
				"torso": {
					"rotation": {
						"0.0": {
							"post": [0, -23.78, 0],
							"lerp_mode": "catmullrom"
						},
						"0.2083": [0, -16.28, 0],
						"0.3333": {
							"pre": [0, -15.92, 0],
							"post": [0, -15.92, 0],
							"lerp_mode": "catmullrom"
						},
						"0.4167": [0, -6.28, 0],
						"0.5": {
							"pre": [0, -15.92, 0],
							"post": [0, -15.92, 0],
							"lerp_mode": "catmullrom"
						},
						"0.5417": {
							"post": [0, -23.42, 0],
							"lerp_mode": "catmullrom"
						},
						"0.7083": [0, -18.42, 0],
						"0.7917": {
							"pre": [0, -18.42, 0],
							"post": [0, -18.42, 0],
							"lerp_mode": "catmullrom"
						},
						"1.0417": {
							"post": [0, -17.47, 0],
							"lerp_mode": "catmullrom"
						},
						"1.0833": {
							"post": [0, 11.74, 0],
							"lerp_mode": "catmullrom"
						},
						"1.1667": {
							"post": [0, -13.85, 0],
							"lerp_mode": "catmullrom"
						},
						"1.3333": {
							"post": [0, -31.35, 0],
							"lerp_mode": "catmullrom"
						},
						"1.6667": {
							"post": [0, -17.47, 0],
							"lerp_mode": "catmullrom"
						},
						"2.4167": {
							"post": [0, 0, 0],
							"lerp_mode": "catmullrom"
						}
					},
					"position": {
						"0.0": [0, 0, 0],
						"1.0417": [0, 0, 0],
						"1.6667": [0, 0, 0]
					}
				},
				"head": {
					"rotation": {
						"0.0": [0, 0, 0],
						"0.625": [0, 0, 0],
						"0.7083": {
							"pre": [10, 0, 0],
							"post": [10, 0, 0],
							"lerp_mode": "catmullrom"
						},
						"0.875": {
							"post": [0, 0, 0],
							"lerp_mode": "catmullrom"
						},
						"1.6667": [0, 0, 0]
					}
				},
				"right_arm": {
					"rotation": {
						"0.0": {
							"post": [-74.69416, -25.38387, -72.46291],
							"lerp_mode": "catmullrom"
						},
						"0.0833": {
							"post": [-71.45092, -23.19643, -80.33541],
							"lerp_mode": "catmullrom"
						},
						"0.2917": {
							"post": [-68.72113, 30.61368, -75.60243],
							"lerp_mode": "catmullrom"
						},
						"0.4167": [-73.13, 5.48, -85.93],
						"0.5417": [-78.01301, -23.63174, -96.27271],
						"0.625": {
							"pre": [-78.01301, -23.63174, -96.27271],
							"post": [-78.01301, -23.63174, -96.27271],
							"lerp_mode": "catmullrom"
						},
						"0.7083": [-79.02712, -1.56987, -91.71236],
						"0.75": {
							"pre": [-79.01241, 3.33871, -90.76019],
							"post": [-79.01241, 3.33871, -90.76019],
							"lerp_mode": "catmullrom"
						},
						"0.7917": [-79.00384, -4.02408, -92.18925],
						"0.8333": [-79.02712, -1.56987, -91.71236],
						"1.0417": [-77.87208, 6.14742, -80.77283],
						"1.2083": [-64.60657, 2.91021, -88.96331],
						"1.25": [-64.60657, 2.91021, -88.96331],
						"1.2917": {
							"pre": [-64.60657, 2.91021, -88.96331],
							"post": [-64.60657, 2.91021, -88.96331],
							"lerp_mode": "catmullrom"
						},
						"1.5": {
							"post": [-64.60657, 2.91021, -88.96331],
							"lerp_mode": "catmullrom"
						},
						"1.6667": [-78.92, 8.25, -89.8],
						"2.0417": {
							"pre": [-78.92, 8.25, -89.8],
							"post": [-78.92, 8.25, -89.8],
							"lerp_mode": "catmullrom"
						},
						"2.2083": {
							"post": [-13.01496, 9.71001, -0.67623],
							"lerp_mode": "catmullrom"
						},
						"2.4167": {
							"post": [0, 0, 0],
							"lerp_mode": "catmullrom"
						}
					},
					"position": {
						"0.0": [0.4, 0, -3.95],
						"0.1667": [-0.6, 0, -2.95],
						"0.25": [-0.6, 0, -3.95],
						"0.4167": {
							"pre": [-0.6, 0, -1.95],
							"post": [-0.6, 0, -1.95],
							"lerp_mode": "catmullrom"
						},
						"0.5417": [-0.6, 0, -3.95],
						"0.7083": [-0.6, 0, -3.95],
						"1.0417": {
							"pre": [-1.51, 0, -0.95],
							"post": [-1.51, 0, -0.95],
							"lerp_mode": "catmullrom"
						},
						"1.2083": {
							"post": [-0.43, 0, -3.95],
							"lerp_mode": "catmullrom"
						},
						"1.25": {
							"post": [0.61, 0, -5.07],
							"lerp_mode": "catmullrom"
						},
						"1.6667": [-0.43, 0, -3.95],
						"2.0417": {
							"pre": [-0.43, 0, -3.95],
							"post": [-0.43, 0, -3.95],
							"lerp_mode": "catmullrom"
						},
						"2.4167": {
							"post": [0, 0, 0],
							"lerp_mode": "catmullrom"
						}
					}
				},
				"left_arm": {
					"rotation": {
						"0.0": [48.56, -0.62, -15.63],
						"0.8333": [32.5, 0, -20],
						"1.0417": [32.5, 0, -20],
						"1.0833": [25.91263, 4.76427, -12.88356],
						"1.375": [36.13888, -18.49584, -33.04319],
						"1.6667": [32.5, 0, -20],
						"2.0417": [32.5, 0, -20],
						"2.4167": [0, 0, 0]
					},
					"position": {
						"0.0": [0, 0, 3.48],
						"0.7917": {
							"pre": [0, 0, 0],
							"post": [0, 0, 0],
							"lerp_mode": "catmullrom"
						},
						"1.0417": {
							"post": [0, 0, -0.13],
							"lerp_mode": "catmullrom"
						},
						"1.0833": [0, 0, -0.26],
						"1.375": [0, -0.78, 1.76],
						"1.6667": {
							"pre": [0, 0, -0.13],
							"post": [0, 0, -0.13],
							"lerp_mode": "catmullrom"
						},
						"2.0417": {
							"post": [0, 0, -0.13],
							"lerp_mode": "catmullrom"
						},
						"2.4167": {
							"post": [0, 0, -0.13],
							"lerp_mode": "catmullrom"
						}
					}
				},
				"right_leg": {
					"rotation": [0, 0, 0]
				},
				"left_leg": {
					"rotation": [0, -5, 0]
				}
			}
		}
	}
}