{
	"format_version": "1.8.0",
	"animations": {
		"push": {
			"animation_length": 0.7917,
			"bones": {
				"right_arm": {
					"rotation": {
						"0.0": [-42.9342, -2.52269, -19.38962],
						"0.1667": [-126.72623, -27.30519, -19.56643],
						"0.25": [-120.16326, -20.40959, -4.98032],
						"0.6667": [-42.9342, -2.52269, -19.38962]
					},
					"position": {
						"0.0": [0, -3, -1],
						"0.1667": [0, -3, -1],
						"0.25": [0, -3, -1]
					}
				},
				"left_arm": {
					"rotation": {
						"0.0": [-43.03659, 4.35164, 17.68209],
						"0.1667": [-130.20947, 22.09944, 10.49361],
						"0.25": [-124.37228, 14.04804, -2.83672],
						"0.6667": [-43.03659, 4.35164, 17.68209]
					},
					"position": {
						"0.0": [0, -3, -1],
						"0.1667": [0, -3, -1],
						"0.25": [0, -3, -1],
						"0.6667": [0, -3, -1]
					}
				}
			}
		}
	}
}