{
	"format_version": "1.8.0",
	"animations": {
		"dap_high": {
			"animation_length": 1.7917,
			"bones": {
				"torso": {
					"rotation": {
						"0.0": [0, -12.5, 0],
						"0.0833": [0, 5, 0],
						"0.125": [0, 11.67, 0],
						"0.2083": [0, -12.5, 0],
						"0.3333": [0, -47.5, 0],
						"0.4167": [0, -60, 0],
						"0.4583": {
							"pre": [0, -70, 0],
							"post": [0, -70, 0],
							"lerp_mode": "catmullrom"
						},
						"0.5": [0, -60, 0],
						"1.3333": [0, -60, 0],
						"1.7083": [0, 0, 0]
					},
					"scale": 1
				},
				"right_arm": {
					"rotation": {
						"0.0": {
							"post": [-80.44317, 42.43846, 1.81143],
							"lerp_mode": "catmullrom"
						},
						"0.125": [80.94919, 74.51105, 153.18693],
						"0.2083": [52.76753, 80.48501, 158.13487],
						"0.2917": {
							"pre": [-106.03671, 34.81212, -3.22099],
							"post": [-106.03671, 34.81212, -3.22099],
							"lerp_mode": "catmullrom"
						},
						"0.4167": {
							"post": [-115.76247, -16.15225, 0.47588],
							"lerp_mode": "catmullrom"
						},
						"0.4583": {
							"post": [-114.47672, -29.44064, 3.51807],
							"lerp_mode": "catmullrom"
						},
						"0.5417": [-116.11529, -12.81097, 1.66803],
						"0.5833": [-116.71377, -17.28959, 3.97078],
						"1.2917": [-116.71377, -17.28959, 3.97078],
						"1.7083": {
							"pre": [0, 0, 0],
							"post": [0, 0, 0],
							"lerp_mode": "catmullrom"
						}
					},
					"position": {
						"0.0": {
							"post": [0, 0, -3],
							"lerp_mode": "catmullrom"
						},
						"0.125": [-0.84, 0.24, 0.55],
						"0.2917": [0.9, 1, -5],
						"0.4167": {
							"pre": [2.9, 1, -6],
							"post": [2.9, 1, -6],
							"lerp_mode": "catmullrom"
						},
						"0.5417": [2.9, 0, -6],
						"0.5833": [2.9, 0, -6],
						"1.2917": [2.9, 0, -6],
						"1.7083": [0, 0, 0]
					}
				},
				"left_arm": {
					"rotation": {
						"0.0": [17.43656, 0.9762, -17.43656],
						"0.0833": [-21.44749, -25.82981, -44.58974],
						"0.3333": {
							"pre": [31.19627, -24.17228, -35.14885],
							"post": [31.19627, -24.17228, -35.14885],
							"lerp_mode": "catmullrom"
						},
						"1.3333": {
							"post": [31.19627, -24.17228, -35.14885],
							"lerp_mode": "catmullrom"
						},
						"1.625": {
							"post": [-12.72845, -14.05019, -3.83743],
							"lerp_mode": "catmullrom"
						},
						"1.7083": {
							"post": [0, 0, 0],
							"lerp_mode": "catmullrom"
						}
					},
					"position": {
						"0.0": [0, 0, 1],
						"0.0833": [0, -1, 1.57],
						"0.3333": {
							"pre": [0, -0.94, 2.22],
							"post": [0, -0.94, 2.22],
							"lerp_mode": "catmullrom"
						},
						"0.4167": {
							"post": [-3, -0.94, 5.27],
							"lerp_mode": "catmullrom"
						},
						"0.4583": {
							"post": [-3, -0.94, 5.27],
							"lerp_mode": "catmullrom"
						},
						"1.3333": {
							"post": [-3, -0.94, 5.27],
							"lerp_mode": "catmullrom"
						},
						"1.7083": {
							"post": [0, 0, 0],
							"lerp_mode": "catmullrom"
						}
					}
				},
				"right_leg": {
					"rotation": {
						"0.0": [0, 0, 0],
						"0.4167": [0.0277, -37.07182, 2.44619],
						"1.3333": [0.0277, -37.07182, 2.44619],
						"1.6667": [0, 0, 0]
					},
					"position": {
						"0.0": [0, 0, 0],
						"0.4167": [1, 0, -2],
						"1.3333": [1, 0, -2],
						"1.6667": [0, 0, 0]
					}
				},
				"left_leg": {
					"rotation": {
						"0.0": [0, 0, 0],
						"0.4167": [0, -67.5, 0],
						"1.3333": [0, -67.5, 0],
						"1.6667": [0, 0, 0]
					},
					"position": {
						"0.0": [0, 0, 0],
						"0.4167": [-1, 0, 2],
						"1.3333": [-1, 0, 2],
						"1.6667": [0, 0, 0]
					}
				}
			}
		}
	}
}