{
	"format_version": "1.8.0",
	"animations": {
		"dap_hit_weak": {
			"animation_length": 1.1667,
			"bones": {
				"torso": {
					"rotation": {
						"0.0": [0, -12.5, 0],
						"0.0833": [0, 5, 0],
						"0.2083": [0, -12.5, 0],
						"0.2917": [0, -27.5, 0],
						"0.375": [0, -20, 0],
						"0.5": [0, -27.5, 0],
						"0.7917": {
							"pre": [0, -27.5, 0],
							"post": [0, -27.5, 0],
							"lerp_mode": "catmullrom"
						},
						"1.125": {
							"post": [0, 0, 0],
							"lerp_mode": "catmullrom"
						}
					},
					"scale": 1
				},
				"right_arm": {
					"rotation": {
						"0.0": {
							"post": [-111.46722, 40.10823, -65.46647],
							"lerp_mode": "catmullrom"
						},
						"0.0417": {
							"post": [-153.1923, 44.4612, -99.77377],
							"lerp_mode": "catmullrom"
						},
						"0.0833": {
							"post": [-174.03027, 31.10001, -102.8895],
							"lerp_mode": "catmullrom"
						},
						"0.4583": [-66.86503, -5.48144, -80.05919],
						"0.5417": [-65.82437, -1.74249, -97.84214],
						"0.5833": [-72.93975, -1.74249, -97.84214],
						"0.625": [-68.32437, -1.74249, -97.84214],
						"0.7917": [-65.82437, -1.74249, -97.84214],
						"0.9583": [-57.7854, -6.33641, 23.43885],
						"1.1667": [0, 0, 0]
					},
					"position": {
						"0.0": {
							"post": [-1, 0, -2],
							"lerp_mode": "catmullrom"
						},
						"0.0833": {
							"post": [-1, 0, 1],
							"lerp_mode": "catmullrom"
						},
						"0.4583": [0.6, 0, -5.11],
						"0.5": [1.6, 0, -6.11],
						"0.5833": [0.3, 0, -5.11],
						"0.6667": [0.7, 0, -5.11],
						"0.7917": [0.3, 0, -5.11],
						"1.1667": [0, 0, 0]
					}
				},
				"left_arm": {
					"rotation": {
						"0.0": [17.43656, 0.9762, -17.43656],
						"0.0833": [17.43656, 0.9762, -17.43656],
						"0.2083": [17.43656, 0.9762, -17.43656],
						"0.375": [29.95482, 10.3461, -20.99202],
						"0.6667": [31.39702, 0.52257, -9.32281],
						"0.9167": [31.39702, 0.52257, -9.32281],
						"1.125": [0, 0, 0]
					},
					"position": {
						"0.0": [0, 0, 1],
						"0.0833": [0, 0, 1],
						"0.2083": [0, 0, 1],
						"0.375": [0, 0, 3],
						"0.6667": {
							"pre": [0, 0, 3],
							"post": [0, 0, 3],
							"lerp_mode": "catmullrom"
						},
						"0.9167": {
							"post": [0, 0, 3],
							"lerp_mode": "catmullrom"
						},
						"1.125": [0, 0, 0]
					}
				},
				"left_leg": {
					"rotation": [0, -5, 0]
				}
			}
		}
	}
}