{
	"format_version": "1.8.0",
	"animations": {
		"dap_hold": {
			"loop": true,
			"animation_length": 2.3333,
			"bones": {
				"torso": {
					"rotation": {
						"0.0": [0, -60, 0],
						"1.2083": {
							"pre": [0, -57.5, 0],
							"post": [0, -57.5, 0],
							"lerp_mode": "catmullrom"
						},
						"2.3333": [0, -60, 0]
					}
				},
				"right_arm": {
					"rotation": {
						"0.0": [-116.71377, -17.28959, 3.97078],
						"1.2083": {
							"pre": [-119.21377, -17.28959, 3.97078],
							"post": [-119.21377, -17.28959, 3.97078],
							"lerp_mode": "catmullrom"
						},
						"2.3333": [-116.71377, -17.28959, 3.97078]
					},
					"position": {
						"0.0": [2.9, 0, -6],
						"1.2083": {
							"pre": [2.9, 0, -6],
							"post": [2.9, 0, -6],
							"lerp_mode": "catmullrom"
						},
						"2.3333": [2.9, 0, -6]
					}
				},
				"left_arm": {
					"rotation": {
						"0.0": {
							"post": [31.19627, -24.17228, -35.14885],
							"lerp_mode": "catmullrom"
						},
						"1.2083": {
							"post": [32.1224, -22.85991, -37.46953],
							"lerp_mode": "catmullrom"
						},
						"2.3333": {
							"post": [31.19627, -24.17228, -35.14885],
							"lerp_mode": "catmullrom"
						}
					},
					"position": {
						"0.0": {
							"post": [-3, -0.94, 5.27],
							"lerp_mode": "catmullrom"
						},
						"1.2083": {
							"post": [-3, -0.94, 5.27],
							"lerp_mode": "catmullrom"
						},
						"2.3333": {
							"post": [-3, -0.94, 5.27],
							"lerp_mode": "catmullrom"
						}
					}
				},
				"right_leg": {
					"rotation": {
						"0.0": [0.0277, -37.07182, 2.44619],
						"1.2083": {
							"pre": [0.02684, -34.57182, 2.44765],
							"post": [0.02684, -34.57182, 2.44765],
							"lerp_mode": "catmullrom"
						},
						"2.3333": [0.0277, -37.07182, 2.44619]
					},
					"position": {
						"0.0": [1, 0, -2],
						"1.2083": {
							"pre": [1, 0, -2],
							"post": [1, 0, -2],
							"lerp_mode": "catmullrom"
						},
						"2.3333": [1, 0, -2]
					}
				},
				"left_leg": {
					"rotation": {
						"0.0": [0, -67.5, 0],
						"1.2083": {
							"pre": [0, -67.5, 0],
							"post": [0, -67.5, 0],
							"lerp_mode": "catmullrom"
						},
						"2.3333": [0, -67.5, 0]
					},
					"position": {
						"0.0": [-1, 0, 2],
						"1.2083": {
							"pre": [-1, 0, 2],
							"post": [-1, 0, 2],
							"lerp_mode": "catmullrom"
						},
						"2.3333": [-1, 0, 2]
					}
				}
			}
		}
	}
}