{
	"format_version": "1.8.0",
	"animations": {
		"dap_charge": {
			"loop": "hold_on_last_frame",
			"animation_length": 0.3333,
			"bones": {
				"torso": {
					"rotation": {
						"0.0": [0, 0, 0],
						"0.2917": [0, -12.5, 0]
					}
				},
				"right_arm": {
					"rotation": {
						"0.0": [0, 0, 0],
						"0.0833": {
							"pre": [-10.10914, 20.66816, 23.16275],
							"post": [-10.10914, 20.66816, 23.16275],
							"lerp_mode": "catmullrom"
						},
						"0.2917": {
							"post": [-111.46722, 40.10823, -65.46647],
							"lerp_mode": "catmullrom"
						}
					},
					"position": {
						"0.0": [0, 0, 0],
						"0.2917": {
							"pre": [-1, 0, -2],
							"post": [-1, 0, -2],
							"lerp_mode": "catmullrom"
						}
					}
				},
				"left_arm": {
					"rotation": {
						"0.0": [0, 0, 0],
						"0.2917": [17.43656, 0.9762, -17.43656]
					},
					"position": {
						"0.0": [0, 0, 0],
						"0.2917": [0, 0, 1]
					}
				}
			}
		}
	}
}