{
	"format_version": "1.8.0",
	"animations": {
		"dap_charge_idle": {
			"loop": true,
			"animation_length": 1.75,
			"bones": {
				"torso": {
					"rotation": {
						"0.0": [0, -12.5, 0],
						"0.875": [0, -12.9, 0],
						"1.75": [0, -12.5, 0]
					},
					"scale": {
						"0.0": [1, 1, 1],
						"0.875": [1, 1, 1],
						"1.75": [1, 1, 1]
					}
				},
				"right_arm": {
					"rotation": {
						"0.0": {
							"post": [-80.44317, 42.43846, 1.81143],
							"lerp_mode": "catmullrom"
						},
						"0.875": {
							"post": [-82.94317, 42.43846, 1.81143],
							"lerp_mode": "catmullrom"
						},
						"1.75": {
							"post": [-80.44317, 42.43846, 1.81143],
							"lerp_mode": "catmullrom"
						}
					},
					"position": {
						"0.0": {
							"post": [0, 0, -3],
							"lerp_mode": "catmullrom"
						},
						"0.875": {
							"post": [0, 0, -3],
							"lerp_mode": "catmullrom"
						},
						"1.75": {
							"post": [0, 0, -3],
							"lerp_mode": "catmullrom"
						}
					}
				},
				"left_arm": {
					"rotation": {
						"0.0": [17.43656, 0.9762, -17.43656],
						"0.875": [17.17448, 3.21012, -24.60138],
						"1.75": [17.43656, 0.9762, -17.43656]
					},
					"position": {
						"0.0": [0, 0, 1],
						"0.875": [0, 0, 1],
						"1.75": [0, 0, 1]
					}
				}
			}
		}
	}
}