{
  "format_version": "1.8.0",
  "animations": {
    "dap_hit_fp": {
      "animation_length": 0.7917,
      "loop": false,
      "bones": {
        "right_arm": {
          "rotation": {
            "0.0": [-72.17469, 41.6117, -8.22933],
            "0.0833": [-58.94706, 67.4872, 24.26988],
            "0.25": [-99.59345, -54.07629, 32.7501],
            "0.5": [-86.59007, -33.002, 2.55101],
            "0.75": [0, 0, 0],
            "0.7917": [0, 0, 0]
          },
          "position": {
            "0.0": [0, 2, 3],
            "0.0833": [0.2, 1.8, 3.6],
            "0.25": [1, 1, 1],
            "0.5": [0.5, 1.5, 2],
            "0.75": [0, 2, 3],
            "0.7917": [0, 2, 3]
          }
        }
      }
    }
  }
}