{
	"format_version": "1.8.0",
	"animations": {
		"dap_charge_fall_start": {
			"loop": "hold_on_last_frame",
			"animation_length": 0.75,
			"bones": {
				"torso": {
					"rotation": {
						"0.0": [0, -12.5, 0],
						"0.75": {
							"pre": [0, -15, 0],
							"post": [0, -15, 0],
							"lerp_mode": "catmullrom"
						}
					}
				},
				"right_arm": {
					"rotation": {
						"0.0": [-72.17469, 41.6117, -8.22933],
						"0.3333": [-154.92094, 24.21733, -53.82553]
					},
					"position": {
						"0.0": [0, 0, -2],
						"0.3333": [0, 1, -1]
					}
				},
				"left_arm": {
					"rotation": {
						"0.0": [17.43656, 0.9762, -17.43656],
						"0.4167": [-23.79722, 5.85188, -52.48344]
					},
					"position": {
						"0.0": [0, 0, 1],
						"0.4167": [0, -1, 1]
					}
				},
				"right_leg": {
					"rotation": {
						"0.0": [0, 0, 0],
						"0.6667": [-13.23124, -1.75618, 5.50571]
					}
				},
				"left_leg": {
					"rotation": {
						"0.0": [0, 0, 0],
						"0.375": [-31.37737, -3.06746, -8.04408]
					}
				}
			}
		}
	}
}