{
	"format_version": "1.8.0",
	"animations": {
		"dap_charge_falling": {
			"loop": true,
			"animation_length": 1.75,
			"bones": {
				"torso": {
					"rotation": {
						"0.0": [0, -12.5, 0],
						"0.75": {
							"pre": [0, -15, 0],
							"post": [0, -15, 0],
							"lerp_mode": "catmullrom"
						},
						"1.5": {
							"post": [0, -12.5, 0],
							"lerp_mode": "catmullrom"
						}
					}
				},
				"right_arm": {
					"rotation": {
						"0.0": [-154.92094, 24.21733, -53.82553],
						"0.375": [-155.76197, 19.67265, -56.07397],
						"0.5417": [-153.84371, 28.72656, -51.41109],
						"0.875": [-155.76197, 19.67265, -56.07397],
						"1.0417": [-153.84371, 28.72656, -51.41109],
						"1.375": [-155.76197, 19.67265, -56.07397],
						"1.5417": [-153.84371, 28.72656, -51.41109],
						"1.625": [-155.76197, 19.67265, -56.07397],
						"1.7083": [-153.84371, 28.72656, -51.41109]
					},
					"position": {
						"0.0": [0, 1, -1],
						"0.2083": [0, 1.7, -1],
						"0.375": [0, 1.7, -1],
						"0.5417": [0, 1, -1],
						"0.7083": [0, 1.7, -1],
						"0.875": [0, 1.7, -1],
						"1.0417": [0, 1, -1],
						"1.2083": [0, 1.7, -1],
						"1.375": [0, 1.7, -1],
						"1.5417": [0, 1, -1],
						"1.625": [0, 1.7, -1],
						"1.7083": [0, 1, -1]
					}
				},
				"left_arm": {
					"rotation": {
						"0.0": [-23.79722, 5.85188, -52.48344],
						"0.2083": [-23.66956, -1.01542, -49.46395],
						"0.375": [-23.79722, 5.85188, -52.48344],
						"0.5833": [-23.66956, -1.01542, -49.46395],
						"0.7917": [-23.79722, 5.85188, -52.48344],
						"1.0": [-23.66956, -1.01542, -49.46395],
						"1.125": [-23.79722, 5.85188, -52.48344],
						"1.3333": [-23.66956, -1.01542, -49.46395],
						"1.5417": [-23.79722, 5.85188, -52.48344],
						"1.75": [-23.66956, -1.01542, -49.46395]
					},
					"position": {
						"0.0": [0, -1, 1],
						"0.2083": [0, -1.3, 1],
						"0.375": [0, -1, 1],
						"0.5833": [0, -1.3, 1],
						"0.7917": [0, -1, 1],
						"1.0": [0, -1.3, 1],
						"1.125": [0, -1, 1],
						"1.3333": [0, -1.3, 1],
						"1.5417": [0, -1, 1],
						"1.75": [0, -1.3, 1]
					}
				},
				"right_leg": {
					"rotation": {
						"0.0": [-13.23124, -1.75618, 5.50571],
						"0.2083": {
							"pre": [-8.38866, -0.6707, 12.92852],
							"post": [-8.38866, -0.6707, 12.92852],
							"lerp_mode": "catmullrom"
						},
						"0.4167": {
							"post": [-15.88962, 8.49793, 6.52844],
							"lerp_mode": "catmullrom"
						},
						"0.6667": [-13.23124, -1.75618, 5.50571],
						"0.875": {
							"pre": [-8.38866, -0.6707, 12.92852],
							"post": [-8.38866, -0.6707, 12.92852],
							"lerp_mode": "catmullrom"
						},
						"1.0833": {
							"post": [-15.88962, 8.49793, 6.52844],
							"lerp_mode": "catmullrom"
						},
						"1.2917": [-13.23124, -1.75618, 5.50571],
						"1.5": {
							"pre": [-8.38866, -0.6707, 12.92852],
							"post": [-8.38866, -0.6707, 12.92852],
							"lerp_mode": "catmullrom"
						},
						"1.7083": {
							"post": [-15.88962, 8.49793, 6.52844],
							"lerp_mode": "catmullrom"
						}
					},
					"position": {
						"0.4167": [0, 0.4, 0],
						"1.0833": [0, 0.4, 0],
						"1.7083": [0, 0.4, 0]
					}
				},
				"left_leg": {
					"rotation": {
						"0.0": [-31.37737, -3.06746, -8.04408],
						"0.2083": {
							"pre": [-29.80558, -10.73432, -21.04131],
							"post": [-29.80558, -10.73432, -21.04131],
							"lerp_mode": "catmullrom"
						},
						"0.4167": {
							"post": [-2.30558, -10.73432, -21.04131],
							"lerp_mode": "catmullrom"
						},
						"0.625": [-31.37737, -3.06746, -8.04408],
						"0.8333": {
							"pre": [-29.80558, -10.73432, -21.04131],
							"post": [-29.80558, -10.73432, -21.04131],
							"lerp_mode": "catmullrom"
						},
						"1.0417": {
							"post": [-2.30558, -10.73432, -21.04131],
							"lerp_mode": "catmullrom"
						},
						"1.2917": [-31.37737, -3.06746, -8.04408],
						"1.5": {
							"pre": [-29.80558, -10.73432, -21.04131],
							"post": [-29.80558, -10.73432, -21.04131],
							"lerp_mode": "catmullrom"
						},
						"1.7083": {
							"post": [-2.30558, -10.73432, -21.04131],
							"lerp_mode": "catmullrom"
						}
					}
				}
			}
		}
	}
}