{
	"format_version": "1.8.0",
	"animations": {
		"dap_charge_fall_hit": {
			"animation_length": 0.7083,
			"bones": {
				"torso": {
					"rotation": {
						"0.0": [0, -12.5, 0],
						"0.25": [5, -22.5, 0],
						"0.5417": [0, 0, 0]
					}
				},
				"right_arm": {
					"rotation": {
						"0.0": [-154.92094, 24.21733, -53.82553],
						"0.125": [-105.54594, 24.21733, -53.82553],
						"0.25": [-47.01673, 4.99658, -59.57134],
						"0.3333": [0, 27.25819, -56.1437],
						"0.5417": [0, 0, 0]
					},
					"position": {
						"0.0": [0, 1, -1],
						"0.25": [0, 1, -4],
						"0.6667": [0, 0, 0]
					}
				},
				"left_arm": {
					"rotation": {
						"0.0": [-23.79722, 5.85188, -52.48344],
						"0.25": [48.70278, 5.85188, -52.48344],
						"0.5417": [0, 0, 0]
					},
					"position": {
						"0.0": [0, -1, 1],
						"0.5417": [0, 0, 0]
					}
				},
				"right_leg": {
					"rotation": {
						"0.0": [-13.23124, -1.75618, 5.50571],
						"0.4167": [0, 0, 0]
					},
					"position": [0, 0, 0]
				},
				"left_leg": {
					"rotation": {
						"0.0": [-31.37737, -3.06746, -8.04408],
						"0.25": [43.62263, -3.06746, -8.04408],
						"0.5417": [0, 0, 0]
					}
				}
			}
		}
	}
}