{
	"format_version": "1.8.0",
	"animations": {
		"dapping_end": {
			"animation_length": 1.0417,
			"bones": {
				"torso": {
					"rotation": {
						"0.0": [0, -60, 0],
						"0.25": [0, -60, 0],
						"0.5417": [0, 0, 0]
					}
				},
				"head": {
					"rotation": {
						"0.0": [0, 0, 0],
						"0.0417": {
							"pre": [12.5, 0, 0],
							"post": [12.5, 0, 0],
							"lerp_mode": "catmullrom"
						},
						"0.5": {
							"post": [0, 0, 0],
							"lerp_mode": "catmullrom"
						},
						"0.8333": [0, 0, 0]
					}
				},
				"right_arm": {
					"rotation": {
						"0.0": [-116.71377, -17.28959, 3.97078],
						"0.25": [-116.71377, -17.28959, 3.97078],
						"0.5417": [0, 0, 0]
					},
					"position": {
						"0.0": [2.9, 0, -6],
						"0.25": [2.9, 0, -6],
						"0.5417": [0, 0, 0]
					}
				},
				"left_arm": {
					"rotation": {
						"0.0": {
							"post": [31.19627, -24.17228, -35.14885],
							"lerp_mode": "catmullrom"
						},
						"0.25": {
							"post": [31.19627, -24.17228, -35.14885],
							"lerp_mode": "catmullrom"
						},
						"0.5417": {
							"post": [0, 0, 0],
							"lerp_mode": "catmullrom"
						}
					},
					"position": {
						"0.0": {
							"post": [-3, -0.94, 5.27],
							"lerp_mode": "catmullrom"
						},
						"0.25": {
							"post": [-3, -0.94, 5.27],
							"lerp_mode": "catmullrom"
						},
						"0.5417": {
							"post": [0, 0, 0],
							"lerp_mode": "catmullrom"
						}
					}
				},
				"right_leg": {
					"rotation": {
						"0.0": [0.0277, -37.07182, 2.44619],
						"0.25": [0.0277, -37.07182, 2.44619],
						"0.5417": [0, 0, 0]
					},
					"position": {
						"0.0": [1, 0, -2],
						"0.25": [1, 0, -2],
						"0.5417": [0, 0, 0]
					}
				},
				"left_leg": {
					"rotation": {
						"0.0": [0, -67.5, 0],
						"0.25": [0, -67.5, 0],
						"0.5417": [0, 0, 0]
					},
					"position": {
						"0.0": [-1, 0, 2],
						"0.25": [-1, 0, 2],
						"0.5417": [0, 0, 0]
					}
				}
			}
		}
	}
}