{
	"format_version": "1.8.0",
	"animations": {
		"fire_dap_charge_idle": {
			"loop": true,
			"animation_length": 1.75,
			"bones": {
				"torso": {
					"rotation": [-5, 0, 0]
				},
				"right_arm": {
					"rotation": {
						"0.0": [46.69844, 45.44173, 136.18013],
						"0.0833": [36.59934, 45.71315, 136.57482],
						"0.1667": [45.81843, 45.98457, 136.96951],
						"0.25": [36.59934, 45.71315, 136.57482],
						"0.3333": [45.81843, 45.98457, 136.96951],
						"0.4167": [36.59934, 45.71315, 136.57482],
						"0.5": [45.81843, 45.98457, 136.96951],
						"0.5833": [36.59934, 45.71315, 136.57482],
						"0.6667": [45.81843, 45.98457, 136.96951],
						"0.75": [36.59934, 45.71315, 136.57482],
						"0.8333": [45.81843, 45.98457, 136.96951],
						"0.9167": [36.59934, 45.71315, 136.57482],
						"1.0": [45.81843, 45.98457, 136.96951],
						"1.0833": [36.59934, 45.71315, 136.57482],
						"1.1667": [45.81843, 45.98457, 136.96951],
						"1.25": [36.59934, 45.71315, 136.57482],
						"1.3333": [45.81843, 45.98457, 136.96951],
						"1.4167": [36.59934, 45.71315, 136.57482],
						"1.5": [45.81843, 45.98457, 136.96951],
						"1.5833": [36.59934, 45.71315, 136.57482],
						"1.6667": [45.81843, 45.98457, 136.96951],
						"1.75": [36.59934, 45.71315, 136.57482]
					},
					"position": [0, 0, 0]
				},
				"left_arm": {
					"rotation": {
						"0.0": {
							"post": [-62.13485, -1.8417, -22.16138],
							"lerp_mode": "catmullrom"
						},
						"0.5417": {
							"post": [-59.65168, 0.31563, -20.89788],
							"lerp_mode": "catmullrom"
						},
						"1.0417": {
							"post": [-62.13485, -1.8417, -22.16138],
							"lerp_mode": "catmullrom"
						}
					}
				}
			}
		}
	}
}